{"train/loss": 0.0139, "train/grad_norm": 0.2961448298256253, "train/learning_rate": 5.132785547018459e-10, "train/epoch": 3.0, "train/global_step": 924, "_timestamp": 1737128174.7876184, "_runtime": 1488.2606372833252, "_step": 47, "train_runtime": 1516.3411, "train_samples_per_second": 9.75, "train_steps_per_second": 0.609, "total_flos": 3.008388464954573e+16, "train_loss": 0.02948258047947636, "eval/loss": 0.01579933427274227, "eval/runtime": 14.4255, "eval/samples_per_second": 37.988, "eval/steps_per_second": 18.994, "_wandb": {"runtime": 1488}}